,day,date_registered
0,1578009600.0,2023-10-11 14:13:15.886491
0,1578614400.0,2023-10-11 14:27:03.097639
0,1579132800.0,2023-10-11 14:22:16.509199
0,1579651200.0,2023-10-11 14:37:25.487396
0,1580256000.0,2023-10-11 14:01:17.357836
0,1580428800.0,2023-10-11 14:00:59.027875
0,1581379200.0,2023-10-11 14:26:06.930946
0,1582934400.0,2023-10-11 14:44:56.042960
0,1583280000.0,2023-10-11 15:08:42.764627
0,1583712000.0,2023-10-11 14:07:06.953193
0,1584230400.0,2023-10-11 14:16:58.767392
0,1584403200.0,2023-10-11 14:24:15.080204
0,1584489600.0,2023-10-11 14:19:37.767687
0,1584662400.0,2023-10-11 14:54:42.595393
0,1585440000.0,2023-10-11 14:18:43.834432
0,1586131200.0,2023-10-11 14:15:04.900383
0,1586304000.0,2023-10-11 14:08:53.656181
0,1586563200.0,2023-10-11 14:28:20.306458
0,1587513600.0,2023-10-11 14:07:59.683436
0,1588032000.0,2023-10-11 14:30:39.878000
0,1588723200.0,2023-10-11 14:23:13.568022
0,1589328000.0,2023-10-11 15:06:07.298094
0,1589500800.0,2023-10-11 14:20:26.764379
0,1590278400.0,2023-10-11 14:25:03.920303
0,1590624000.0,2023-10-11 14:09:33.592244
0,1590883200.0,2023-10-11 14:56:41.178709
0,1591660800.0,2023-10-11 13:58:55.557863
0,1593561600.0,2023-10-11 14:00:42.540262
0,1593648000.0,2023-10-11 14:58:48.461685
0,1594166400.0,2023-10-11 13:59:09.972452
0,1595116800.0,2023-10-11 14:21:20.521429
0,1595289600.0,2023-10-11 13:58:38.236696
0,1596326400.0,2023-10-11 14:50:22.294617
0,1597363200.0,2023-10-11 15:03:13.057445
0,1597449600.0,2023-10-11 14:05:23.925245
0,1598313600.0,2023-10-11 14:32:05.914569
0,1598486400.0,2023-10-11 13:59:54.309654
0,1599782400.0,2023-10-11 14:14:07.481807
0,1599955200.0,2023-10-11 14:52:34.409485
0,1600128000.0,2023-10-11 14:04:49.096349
0,1600560000.0,2023-10-11 14:10:36.095324
0,1600646400.0,2023-10-11 14:02:04.292636
0,1600732800.0,2023-10-11 14:29:29.739037
0,1600819200.0,2023-10-11 14:06:06.904372
0,1602201600.0,2023-10-11 14:38:47.507422
0,1602979200.0,2023-10-11 13:59:27.379366
0,1603152000.0,2023-10-11 14:00:09.262386
0,1603238400.0,2023-10-11 14:04:10.618783
0,1603411200.0,2023-10-11 14:03:07.953770
0,1603929600.0,2023-10-11 14:46:15.617054
0,1604448000.0,2023-10-11 14:02:22.470094
0,1605052800.0,2023-10-11 14:00:25.746518
0,1605312000.0,2023-10-11 14:11:26.054228
0,1606348800.0,2023-10-11 14:01:43.468540
0,1606608000.0,2023-10-11 14:42:57.882558
0,1607126400.0,2023-10-11 14:03:35.823132
0,1607212800.0,2023-10-11 14:34:11.133150
0,1607558400.0,2023-10-11 13:58:16.319864
0,1607731200.0,2023-10-11 14:16:04.763388
0,1607817600.0,2023-10-11 14:17:51.416758
0,1608163200.0,2023-10-11 14:02:45.523938
0,1608249600.0,2023-10-11 14:35:29.264200
0,1608508800.0,2023-10-11 13:59:41.611760
0,1608681600.0,2023-10-11 14:40:50.745457
0,1608768000.0,2023-10-11 14:48:16.871654
0,1608854400.0,2023-10-11 14:12:23.468423
0,1609200000.0,2023-10-11 15:01:04.653025
