,firstseen,lastseen,callsign,icao24,estdepartureairport,estarrivalairport,day,attempts,loaded
0,1672511424,1672532270,JBU2223,ad9e73,KJFK,KLAX,1672531200,1,True
1,1672521217,1672542615,AAL306,a00d5b,KJFK,KLAX,1672531200,1,True
2,1672526446,1672547757,DAL2801,a12861,KJFK,KLAX,1672531200,1,True
3,1672526803,1672548126,JBU623,adb723,KJFK,KLAX,1672531200,1,True
4,1672528901,1672549675,DAL1058,a1775f,KJFK,KLAX,1672531200,1,True
5,1672534065,1672554759,DAL1028,a13af4,KJFK,KLAX,1672531200,1,True
6,1672534529,1672556339,AAL300,a03fff,KJFK,KLAX,1672531200,1,True
7,1672538016,1672559935,AAL185,a04641,KJFK,KLAX,1672531200,1,True
8,1672538630,1672560245,JBU2723,adc9b6,KJFK,KLAX,1672531200,1,True
9,1672538921,1672560389,JBU1623,ad7e6f,KJFK,KLAX,1672531200,1,True
10,1672543000,1672564348,JBU823,acf54f,KJFK,KLAX,1672531200,1,True
11,1672576999,1672598549,AAL1,a02c40,KJFK,KLAX,1672531200,1,True
12,1672582183,1672603405,JBU2123,ab4f5d,KJFK,KLAX,1672531200,1,True
13,1672582570,1672603499,DAL1045,a12861,KJFK,KLAX,1672531200,1,True
14,1672583567,1672604845,AAL255,a01c37,KJFK,KLAX,1672531200,1,True
15,1672589497,1672610291,AAL3,a0428a,KJFK,KLAX,1672531200,1,True
16,1672592565,1672613585,DAL351,a14c29,KJFK,KLAX,1672531200,1,True
17,1672594812,1672615933,DAL8783,a11380,KJFK,KLAX,1672531200,1,True
18,1672747970,1672769034,JBU723,adcd6d,KJFK,KLAX,1672704000,1,True
19,1672748505,1672768423,DAL1085,a13386,KJFK,KLAX,1672704000,1,True
20,1672751201,1672771729,JBU2123,adc9b6,KJFK,KLAX,1672704000,1,True
21,1672752570,1672774093,AAL1,a01880,KJFK,KLAX,1672704000,1,True
22,1672755667,1672775925,JBU819,ad646e,KJFK,KLAX,1672704000,1,True
23,1672756188,1672776467,DAL1045,a12861,KJFK,KLAX,1672704000,1,True
24,1672758765,1672779026,JBU523,ad60b7,KJFK,KLAX,1672704000,1,True
25,1672761244,1672781443,AAL255,a033ae,KJFK,KLAX,1672704000,1,True
26,1672762331,1672783658,AAL3,a00d5b,KJFK,KLAX,1672704000,1,True
27,1672766168,1672786009,DAL8783,a14872,KJFK,KLAX,1672704000,1,True
28,1672766830,1672787183,JBU2223,adafb5,KJFK,KLAX,1672704000,1,True
29,1672772805,1672793277,DAL439,a11d3c,KJFK,KLAX,1672790400,1,True
30,1672780476,1672801821,AAL306,a04641,KJFK,KLAX,1672790400,1,True
31,1672780641,1672801309,DAL2801,a12c18,KJFK,KLAX,1672790400,1,True
32,1672781766,1672801919,JBU823,add376,KJFK,KLAX,1672790400,1,True
33,1672785063,1672805188,DAL1058,a12fda,KJFK,KLAX,1672790400,1,True
34,1672790755,1672811951,JBU623,a98f6a,KJFK,KLAX,1672790400,1,True
35,1672792313,1672813194,JBU2715,adbaca,KJFK,KLAX,1672790400,1,True
36,1672793381,1672814238,AAL300,a03fff,KJFK,KLAX,1672790400,1,True
37,1672795331,1672815493,JBU1723,ad9e73,KJFK,KLAX,1672790400,1,True
38,1672795603,1672815743,JBU223,adb723,KJFK,KLAX,1672790400,1,True
39,1672796920,1672818132,AAL185,a009a4,KJFK,KLAX,1672790400,1,True
40,1672821634,1672842029,JBU1823,acf906,KJFK,KLAX,1672790400,1,True
41,1672834652,1672854701,JBU723,ad1cde,KJFK,KLAX,1672790400,1,True
42,1672835820,1672855529,DAL1085,a12861,KJFK,KLAX,1672790400,1,True
43,1672836480,1672856669,AAL1,a04641,KJFK,KLAX,1672790400,1,True
44,1672837817,1672857569,JBU2123,ad646e,KJFK,KLAX,1672790400,1,True
45,1672841111,1672860817,JBU819,ad0074,KJFK,KLAX,1672790400,1,True
46,1672841746,1672861149,DAL1045,a12fda,KJFK,KLAX,1672790400,1,True
47,1672848301,1672867975,DAL351,a13af4,KJFK,KLAX,1672790400,1,True
48,1672849633,1672869649,JBU523,adc238,KJFK,KLAX,1672790400,1,True
49,1672851932,1672871889,JBU2223,adde95,KJFK,KLAX,1672790400,1,True
50,1672859964,1672879768,DAL439,a13386,KJFK,KLAX,1672876800,1,True
51,1672865410,1672885403,JBU623,ad7ab8,KJFK,KLAX,1672876800,1,True
52,1672867331,1672887621,AAL306,a009a4,KJFK,KLAX,1672876800,1,True
53,1672867688,1672887413,DAL2801,a11d3c,KJFK,KLAX,1672876800,1,True
54,1672872084,1672891455,DAL1058,a14c29,KJFK,KLAX,1672876800,1,True
55,1672872393,1672892450,JBU2715,acca19,KJFK,KLAX,1672876800,1,True
56,1672875838,1672895537,JBU223,ada227,KJFK,KLAX,1672876800,1,True
57,1672878356,1672898030,DAL1028,a12c18,KJFK,KLAX,1672876800,1,True
58,1672882195,1672901935,AAL300,a03235,KJFK,KLAX,1672876800,1,True
59,1672882527,1672902639,JBU1723,ad1927,KJFK,KLAX,1672876800,1,True
60,1672892108,1672912377,JBU1823,adbe91,KJFK,KLAX,1672876800,1,True
61,1672895613,1672916125,AAL185,a0428a,KJFK,KLAX,1672876800,1,True
62,1672921448,1672942407,DAL1085,a13af4,KJFK,KLAX,1672876800,1,True
63,1672922139,1672942675,JBU723,adde95,KJFK,KLAX,1672876800,1,True
64,1672922802,1672943519,AAL1,a009a4,KJFK,KLAX,1672876800,1,True
65,1672925610,1672946467,JBU2123,adc9b6,KJFK,KLAX,1672876800,1,True
66,1672928120,1672948286,JBU819,ad0074,KJFK,KLAX,1672876800,1,True
67,1672928553,1672949020,DAL1045,a12fcf,KJFK,KLAX,1672876800,1,True
68,1672931676,1672952542,JBU523,adbaca,KJFK,KLAX,1672876800,1,True
69,1672934981,1672955198,AAL3,a01fee,KJFK,KLAX,1672876800,1,True
70,1672935187,1672955788,DAL351,a14c29,KJFK,KLAX,1672876800,1,True
71,1672944809,1672965089,DAL439,a12861,KJFK,KLAX,1672963200,1,True
72,1672952080,1672972689,JBU623,a83e86,KJFK,KLAX,1672963200,1,True
73,1672954095,1672974267,DAL2801,a12c18,KJFK,KLAX,1672963200,1,True
74,1672954465,1672974979,AAL306,a03235,KJFK,KLAX,1672963200,1,True
75,1672956434,1672976968,JBU823,ad2095,KJFK,KLAX,1672963200,1,True
76,1672957841,1672978228,DAL1058,a11d3c,KJFK,KLAX,1672963200,1,True
77,1672960095,1672980563,JBU2715,ad7701,KJFK,KLAX,1672963200,1,True
78,1672964734,1672985488,JBU223,acca19,KJFK,KLAX,1672963200,1,True
79,1672966094,1672986986,AAL300,a033ae,KJFK,KLAX,1672963200,1,True
80,1672966634,1672986608,DAL1028,a13386,KJFK,KLAX,1672963200,1,True
81,1672968614,1672989322,JBU1723,ad1cde,KJFK,KLAX,1672963200,1,True
82,1672970165,1672990946,AAL185,a00d5b,KJFK,KLAX,1672963200,1,True
83,1672976831,1672997691,JBU1823,adc9b6,KJFK,KLAX,1672963200,1,True
84,1673007787,1673027778,DAL1085,a14c29,KJFK,KLAX,1672963200,1,True
85,1673008898,1673029072,AAL1,a03235,KJFK,KLAX,1672963200,1,True
86,1673012953,1673033309,JBU2123,adbaca,KJFK,KLAX,1672963200,1,True
87,1673014036,1673034388,JBU819,acf906,KJFK,KLAX,1672963200,1,True
88,1673018542,1673038486,JBU523,ad7e6f,KJFK,KLAX,1672963200,1,True
89,1673020668,1673040446,DAL351,a12fcf,KJFK,KLAX,1672963200,1,True
90,1673031727,1673051182,DAL439,a11d3c,KJFK,KLAX,1673049600,1,True
91,1673038053,1673057494,JBU623,a7f6f6,KJFK,KLAX,1673049600,1,True
92,1673039319,1673060189,AAL306,a009a4,KJFK,KLAX,1673049600,1,True
93,1673040712,1673060810,DAL2801,a12861,KJFK,KLAX,1673049600,1,True
94,1673041796,1673061146,JBU823,adabfe,KJFK,KLAX,1673049600,1,True
95,1673046293,1673065209,JBU2715,ad9ac9,KJFK,KLAX,1673049600,1,True
96,1673046878,1673066302,DAL1058,a12c18,KJFK,KLAX,1673049600,1,True
97,1673048840,1673068272,JBU223,adbe91,KJFK,KLAX,1673049600,1,True
98,1673051574,1673071075,DAL1028,a18284,KJFK,KLAX,1673049600,1,True
99,1673053084,1673072229,AAL300,a0428a,KJFK,KLAX,1673049600,1,True
100,1673054127,1673073339,JBU1723,adc9b6,KJFK,KLAX,1673049600,1,True
101,1673058065,1673077101,AAL185,a03765,KJFK,KLAX,1673049600,1,True
102,1673062148,1673081117,JBU1823,add734,KJFK,KLAX,1673049600,1,True
103,1673094390,1673112525,DAL1085,a12fcf,KJFK,KLAX,1673049600,1,True
104,1673095260,1673114634,AAL1,a01c37,KJFK,KLAX,1673049600,1,True
105,1673101160,1673119991,DAL1045,a1373d,KJFK,KLAX,1673049600,1,True
106,1673101454,1673120774,JBU819,adde95,KJFK,KLAX,1673049600,1,True
107,1673107524,1673126579,DAL351,a13af4,KJFK,KLAX,1673049600,1,True
108,1673111719,1673130796,JBU2223,adc9b6,KJFK,KLAX,1673049600,1,True
109,1673117614,1673136582,DAL439,a12c18,KJFK,KLAX,1673136000,1,True
110,1673123985,1673143029,JBU623,a9607d,KJFK,KLAX,1673136000,1,True
111,1673125543,1673144681,DAL2801,a12861,KJFK,KLAX,1673136000,1,True
112,1673126134,1673144862,AAL306,a03765,KJFK,KLAX,1673136000,1,True
113,1673128045,1673147248,JBU823,adbaca,KJFK,KLAX,1673136000,1,True
114,1673130834,1673149496,DAL1058,a16ff1,KJFK,KLAX,1673136000,1,True
115,1673132271,1673151387,JBU2715,addadb,KJFK,KLAX,1673136000,1,True
116,1673135804,1673154758,JBU223,adafb5,KJFK,KLAX,1673136000,1,True
117,1673138146,1673156622,DAL1028,a11d3c,KJFK,KLAX,1673136000,1,True
118,1673139400,1673158240,AAL300,a009a4,KJFK,KLAX,1673136000,1,True
119,1673142629,1673161604,JBU1723,adc238,KJFK,KLAX,1673136000,1,True
120,1673143548,1673163145,AAL185,a01fee,KJFK,KLAX,1673136000,1,True
121,1673145450,1673168939,JBU815,ad7ab8,KJFK,KLAX,1673136000,1,True
122,1673150481,1673170089,JBU1823,add376,KJFK,KLAX,1673136000,1,True
123,1673176757,1673196830,AAL171,a03235,KJFK,KLAX,1673136000,1,True
124,1673180494,1673200063,JBU723,adc5ff,KJFK,KLAX,1673136000,1,True
125,1673181234,1673200647,DAL1085,a1863b,KJFK,KLAX,1673136000,1,True
126,1673181764,1673201952,AAL1,a03765,KJFK,KLAX,1673136000,1,True
127,1673184606,1673203931,JBU2123,ad1cde,KJFK,KLAX,1673136000,1,True
128,1673187409,1673207559,DAL1045,a120fe,KJFK,KLAX,1673136000,1,True
129,1673187890,1673207860,JBU819,acf54f,KJFK,KLAX,1673136000,1,True
130,1673190330,1673209872,JBU523,ad9e73,KJFK,KLAX,1673136000,1,True
131,1673194080,1673213998,DAL377,a9bf4b,KJFK,KLAX,1673136000,1,True
132,1673194953,1673215476,AAL3,a01112,KJFK,KLAX,1673136000,1,True
133,1673198059,1673217847,JBU2223,adc9b6,KJFK,KLAX,1673136000,1,True
134,1673117614,1673136582,DAL439,a12c18,KJFK,KLAX,1673136000,1,True
135,1673123985,1673143029,JBU623,a9607d,KJFK,KLAX,1673136000,1,True
136,1673125543,1673144681,DAL2801,a12861,KJFK,KLAX,1673136000,1,True
137,1673126134,1673144862,AAL306,a03765,KJFK,KLAX,1673136000,1,True
138,1673128045,1673147248,JBU823,adbaca,KJFK,KLAX,1673136000,1,True
139,1673130834,1673149496,DAL1058,a16ff1,KJFK,KLAX,1673136000,1,True
140,1673132271,1673151387,JBU2715,addadb,KJFK,KLAX,1673136000,1,True
141,1673135804,1673154758,JBU223,adafb5,KJFK,KLAX,1673136000,1,True
142,1673138146,1673156622,DAL1028,a11d3c,KJFK,KLAX,1673136000,1,True
143,1673139400,1673158240,AAL300,a009a4,KJFK,KLAX,1673136000,1,True
144,1673142629,1673161604,JBU1723,adc238,KJFK,KLAX,1673136000,1,True
145,1673143548,1673163145,AAL185,a01fee,KJFK,KLAX,1673136000,1,True
146,1673145450,1673168939,JBU815,ad7ab8,KJFK,KLAX,1673136000,1,True
147,1673150481,1673170089,JBU1823,add376,KJFK,KLAX,1673136000,1,True
148,1673176757,1673196830,AAL171,a03235,KJFK,KLAX,1673136000,1,True
149,1673180494,1673200063,JBU723,adc5ff,KJFK,KLAX,1673136000,1,True
150,1673181234,1673200647,DAL1085,a1863b,KJFK,KLAX,1673136000,1,True
151,1673181764,1673201952,AAL1,a03765,KJFK,KLAX,1673136000,1,True
152,1673184606,1673203931,JBU2123,ad1cde,KJFK,KLAX,1673136000,1,True
153,1673187409,1673207559,DAL1045,a120fe,KJFK,KLAX,1673136000,1,True
154,1673187890,1673207860,JBU819,acf54f,KJFK,KLAX,1673136000,1,True
155,1673190330,1673209872,JBU523,ad9e73,KJFK,KLAX,1673136000,1,True
156,1673194080,1673213998,DAL377,a9bf4b,KJFK,KLAX,1673136000,1,True
157,1673194953,1673215476,AAL3,a01112,KJFK,KLAX,1673136000,1,True
158,1673198059,1673217847,JBU2223,adc9b6,KJFK,KLAX,1673136000,1,True
159,1673204194,1673223952,DAL439,a12c18,KJFK,KLAX,1673222400,1,True
160,1673210709,1673231259,AAL341,a04641,KJFK,KLAX,1673222400,1,True
161,1673211154,1673231294,JBU623,a707a3,KJFK,KLAX,1673222400,1,True
162,1673212490,1673232799,AAL306,a01fee,KJFK,KLAX,1673222400,1,True
163,1673212816,1673232442,DAL2801,a11d3c,KJFK,KLAX,1673222400,1,True
164,1673214305,1673234464,JBU823,ad1927,KJFK,KLAX,1673222400,1,True
165,1673219734,1673239599,DAL1058,a12861,KJFK,KLAX,1673222400,1,True
166,1673220023,1673239863,JBU2715,ad7ab8,KJFK,KLAX,1673222400,1,True
167,1673221929,1673241746,JBU223,adabfe,KJFK,KLAX,1673222400,1,True
168,1673226595,1673245942,AAL300,a03fff,KJFK,KLAX,1673222400,1,True
169,1673228883,1673248525,JBU1723,adde95,KJFK,KLAX,1673222400,1,True
170,1673229286,1673249180,DAL9761,a3d10f,KJFK,KLAX,1673222400,1,True
171,1673229394,1673249033,AAL185,a0275c,KJFK,KLAX,1673222400,1,True
172,1673231625,1673251583,DAL1028,a11d47,KJFK,KLAX,1673222400,1,True
173,1673233198,1673253509,DAL535,a4b470,KJFK,KLAX,1673222400,1,True
174,1673235246,1673255541,JBU1823,ad0074,KJFK,KLAX,1673222400,1,True
175,1673250271,1673269782,PAL127,758525,KJFK,KLAX,1673222400,1,True
176,1673262714,1673282939,AAL171,a01c37,KJFK,KLAX,1673222400,1,True
177,1673265960,1673286551,JBU723,adc9b6,KJFK,KLAX,1673222400,1,True
178,1673267861,1673287852,DAL520,a0f46f,KJFK,KLAX,1673222400,1,True
179,1673269823,1673289894,JBU2123,acf54f,KJFK,KLAX,1673222400,1,True
180,1673273190,1673293903,AAL255,a023a5,KJFK,KLAX,1673222400,1,True
181,1673273340,1673293589,JBU819,ad9e73,KJFK,KLAX,1673222400,1,True
182,1673274679,1673294873,DAL482,a1574e,KJFK,KLAX,1673222400,1,True
183,1673278145,1673300235,JBU523,add376,KJFK,KLAX,1673222400,1,True
184,1673278594,1673298654,DAL999,a14c29,KJFK,KLAX,1673222400,1,True
185,1673280520,1673300748,AAL3,a033ae,KJFK,KLAX,1673222400,1,True
186,1673284145,1673304329,JBU2223,ada227,KJFK,KLAX,1673222400,1,True
187,1673285433,1673305510,DAL536,a13af4,KJFK,KLAX,1673222400,1,True
188,1673291033,1673311190,DAL685,a12fcf,KJFK,KLAX,1673308800,1,True
189,1673297077,1673318413,AAL341,a03765,KJFK,KLAX,1673308800,1,True
190,1673297091,1673318924,JBU623,aafca8,KJFK,KLAX,1673308800,1,True
191,1673298576,1673319385,AAL306,a0275c,KJFK,KLAX,1673308800,1,True
192,1673299118,1673319648,DAL650,a11d3c,KJFK,KLAX,1673308800,1,True
193,1673300803,1673322059,JBU823,ad0074,KJFK,KLAX,1673308800,1,True
194,1673303685,1673325479,DAL680,a12c18,KJFK,KLAX,1673308800,1,True
195,1673303878,1673327177,AAL117,a03235,KJFK,KLAX,1673308800,1,True
196,1673304135,1673326168,JBU2715,ad1cde,KJFK,KLAX,1673308800,1,True
197,1673308183,1673329025,JBU223,ad7ab8,KJFK,KLAX,1673308800,1,True
198,1673310475,1673331733,DAL524,a0f4a2,KJFK,KLAX,1673308800,1,True
199,1673312007,1673333246,AAL300,a01fee,KJFK,KLAX,1673308800,1,True
200,1673314895,1673335453,JBU1723,adcd6d,KJFK,KLAX,1673308800,1,True
201,1673316443,1673337143,AAL185,a009a4,KJFK,KLAX,1673308800,1,True
202,1673320538,1673341068,JBU1823,ad1560,KJFK,KLAX,1673308800,1,True
203,1673330081,1673351771,DAL515,a12861,KJFK,KLAX,1673308800,1,True
204,1673349204,1673370897,AAL171,a00d5b,KJFK,KLAX,1673308800,1,True
205,1673352780,1673373868,JBU723,ada227,KJFK,KLAX,1673308800,1,True
206,1673352945,1673373258,DAL520,a4ee82,KJFK,KLAX,1673308800,1,True
207,1673354660,1673376072,AAL1,a023a5,KJFK,KLAX,1673308800,1,True
208,1673357010,1673379284,JBU2123,ad9e73,KJFK,KLAX,1673308800,1,True
209,1673362159,1673382597,JBU819,add376,KJFK,KLAX,1673308800,1,True
210,1673363522,1673384772,JBU523,ad1cde,KJFK,KLAX,1673308800,1,True
211,1673364798,1673385602,DAL999,a14872,KJFK,KLAX,1673308800,1,True
212,1673366527,1673387054,DAL482,a0f46f,KJFK,KLAX,1673308800,1,True
213,1673369382,1673390704,AAL331,a014c9,KJFK,KLAX,1673308800,1,True
214,1673372857,1673394495,DAL536,ab84ab,KJFK,KLAX,1673308800,1,True
215,1673377310,1673398435,DAL685,a1373d,KJFK,KLAX,1673395200,1,True
216,1673383728,1673405475,AAL341,a04641,KJFK,KLAX,1673395200,1,True
217,1673383961,1673405994,JBU623,a9c5c5,KJFK,KLAX,1673395200,1,True
218,1673384473,1673405689,DAL650,a12fcf,KJFK,KLAX,1673395200,1,True
219,1673388727,1673410769,JBU823,ad9ac9,KJFK,KLAX,1673395200,1,True
220,1673389369,1673410691,AAL302,a01c37,KJFK,KLAX,1673395200,1,True
221,1673393320,1673415500,JBU2715,ad1560,KJFK,KLAX,1673395200,1,True
222,1673394253,1673415860,JBU223,adbaca,KJFK,KLAX,1673395200,1,True
223,1673399406,1673420967,AAL300,a00d5b,KJFK,KLAX,1673395200,1,True
224,1673400096,1673421117,DAL524,a12861,KJFK,KLAX,1673395200,1,True
225,1673402585,1673423814,AAL185,a03fff,KJFK,KLAX,1673395200,1,True
226,1673404195,1673424439,DAL680,a4d483,KJFK,KLAX,1673395200,1,True
227,1673406600,1673428166,JBU1723,ad9e73,KJFK,KLAX,1673395200,1,True
228,1673407604,1673428866,JBU1823,adc5ff,KJFK,KLAX,1673395200,1,True
229,1673445750,1673465659,DAL520,a4e35f,KJFK,KLAX,1673395200,1,True
230,1673448360,1673469569,JBU2123,acca19,KJFK,KLAX,1673395200,1,True
231,1673448411,1673468811,JBU819,add376,KJFK,KLAX,1673395200,1,True
232,1673453723,1673474577,DAL999,a13af4,KJFK,KLAX,1673395200,1,True
233,1673453914,1673474110,DAL482,a15397,KJFK,KLAX,1673395200,1,True
234,1673455316,1673476158,AAL331,a023a5,KJFK,KLAX,1673395200,1,True
235,1673457300,1673477670,DAL536,ab84ab,KJFK,KLAX,1673395200,1,True
236,1673483681,1673503872,DAL524,a120fe,KJFK,KLAX,1673481600,1,True
237,1673486618,1673506634,JBU1723,acf54f,KJFK,KLAX,1673481600,1,True
238,1673498777,1673519228,AAL300,a01112,KJFK,KLAX,1673481600,1,True
239,1673498979,1673519425,JBU1823,addadb,KJFK,KLAX,1673481600,1,True
240,1673500023,1673520472,AAL185,a03765,KJFK,KLAX,1673481600,1,True
241,1673525805,1673546386,JBU723,ad6bdc,KJFK,KLAX,1673481600,1,True
242,1673526617,1673546712,DAL520,a12c18,KJFK,KLAX,1673481600,1,True
243,1673532182,1673552006,DAL482,a12861,KJFK,KLAX,1673481600,1,True
244,1673535248,1673555093,JBU819,acca19,KJFK,KLAX,1673481600,1,True
245,1673536906,1673557078,JBU523,ad9ac9,KJFK,KLAX,1673481600,1,True
246,1673549992,1673570229,DAL685,a1373d,KJFK,KLAX,1673568000,1,True
247,1673558005,1673577169,JBU623,a845f4,KJFK,KLAX,1673568000,1,True
248,1673558136,1673577517,AAL341,a01112,KJFK,KLAX,1673568000,1,True
249,1673560523,1673580176,JBU823,adb723,KJFK,KLAX,1673568000,1,True
250,1673560757,1673579980,DAL650,a14c29,KJFK,KLAX,1673568000,1,True
251,1673561429,1673580984,AAL306,a033ae,KJFK,KLAX,1673568000,1,True
252,1673563007,1673584371,AAL302,a03765,KJFK,KLAX,1673568000,1,True
253,1673564987,1673584752,JBU2715,ad7ab8,KJFK,KLAX,1673568000,1,True
254,1673565178,1673584289,DAL680,a4b0bb,KJFK,KLAX,1673568000,1,True
255,1673571917,1673591343,JBU223,ad1927,KJFK,KLAX,1673568000,1,True
256,1673572850,1673592497,AAL300,a02c40,KJFK,KLAX,1673568000,1,True
257,1673573830,1673593534,JBU1723,acf54f,KJFK,KLAX,1673568000,1,True
258,1673575432,1673594663,DAL524,a11d3c,KJFK,KLAX,1673568000,1,True
259,1673575594,1673595079,AAL185,a014c9,KJFK,KLAX,1673568000,1,True
260,1673584360,1673603501,DAL515,a12c18,KJFK,KLAX,1673568000,1,True
261,1673585891,1673605578,JBU1823,adabfe,KJFK,KLAX,1673568000,1,True
262,1673608428,1673627391,AAL171,a03fff,KJFK,KLAX,1673568000,1,True
263,1673612550,1673631687,JBU723,adc238,KJFK,KLAX,1673568000,1,True
264,1673613763,1673633360,DAL520,a4e35f,KJFK,KLAX,1673568000,1,True
265,1673613941,1673633150,AAL1,a023a5,KJFK,KLAX,1673568000,1,True
266,1673615264,1673634366,JBU2123,adbe91,KJFK,KLAX,1673568000,1,True
267,1673619751,1673639097,DAL482,a1373d,KJFK,KLAX,1673568000,1,True
268,1673619861,1673638973,JBU819,ad9ac9,KJFK,KLAX,1673568000,1,True
269,1673623232,1673642592,JBU523,add376,KJFK,KLAX,1673568000,1,True
270,1673624741,1673644986,DAL999,a15b05,KJFK,KLAX,1673568000,1,True
271,1673628213,1673647847,AAL331,a00d5b,KJFK,KLAX,1673568000,1,True
272,1673629638,1673648924,JBU2223,adafb5,KJFK,KLAX,1673568000,1,True
273,1673630880,1673650984,DAL536,ab8c19,KJFK,KLAX,1673568000,1,True
274,1673631551,1673650983,AAL3,a0428a,KJFK,KLAX,1673568000,1,True
275,1673637045,1673657153,DAL685,a13af4,KJFK,KLAX,1673654400,1,True
276,1673642181,1673661325,JBU623,a80d40,KJFK,KLAX,1673654400,1,True
277,1673642860,1673662314,AAL341,a02c40,KJFK,KLAX,1673654400,1,True
278,1673643487,1673663416,DAL650,a12c18,KJFK,KLAX,1673654400,1,True
279,1673644304,1673663918,AAL306,a01fee,KJFK,KLAX,1673654400,1,True
280,1673645953,1673665245,JBU823,acf54f,KJFK,KLAX,1673654400,1,True
281,1673648188,1673667112,AAL302,a014c9,KJFK,KLAX,1673654400,1,True
282,1673650218,1673669448,JBU2715,ada227,KJFK,KLAX,1673654400,1,True
283,1673651423,1673670659,DAL680,a11d3c,KJFK,KLAX,1673654400,1,True
284,1673653972,1673673306,JBU223,ad1560,KJFK,KLAX,1673654400,1,True
285,1673656696,1673675598,AAL300,a03fff,KJFK,KLAX,1673654400,1,True
286,1673658685,1673677979,JBU1723,adbaca,KJFK,KLAX,1673654400,1,True
287,1673661132,1673681204,AAL185,a03235,KJFK,KLAX,1673654400,1,True
288,1673666102,1673685748,JBU1823,adc9b6,KJFK,KLAX,1673654400,1,True
289,1673667401,1673687018,DAL524,a4e35f,KJFK,KLAX,1673654400,1,True
290,1673669979,1673689589,DAL515,a1286c,KJFK,KLAX,1673654400,1,True
291,1673681598,1673701069,PAL127,758525,KJFK,KLAX,1673654400,1,True
292,1673696482,1673717478,AAL171,a01c37,KJFK,KLAX,1673654400,1,True
293,1673698778,1673718944,DAL520,a12861,KJFK,KLAX,1673654400,1,True
294,1673700034,1673720321,AAL1,a0428a,KJFK,KLAX,1673654400,1,True
295,1673708797,1673728692,JBU819,acca19,KJFK,KLAX,1673654400,1,True
296,1673709213,1673728184,DAL482,a11d3c,KJFK,KLAX,1673654400,1,True
297,1673712243,1673732689,AAL3,a03765,KJFK,KLAX,1673654400,1,True
298,1673715067,1673735817,AAL331,a0275c,KJFK,KLAX,1673654400,1,True
299,1673716993,1673737687,JBU2223,adbaca,KJFK,KLAX,1673654400,1,True
300,1673717671,1673737908,DAL536,a14872,KJFK,KLAX,1673654400,1,True
301,1673741878,1673762153,DAL680,a11d47,KJFK,KLAX,1673740800,1,True
302,1673744029,1673764612,AAL300,a04641,KJFK,KLAX,1673740800,1,True
303,1673745017,1673765666,JBU1723,ad9ac9,KJFK,KLAX,1673740800,1,True
304,1673750490,1673770375,DAL524,a12861,KJFK,KLAX,1673740800,1,True
305,1673752714,1673773094,JBU1823,add376,KJFK,KLAX,1673740800,1,True
306,1673781351,1673802327,AAL171,a01c37,KJFK,KLAX,1673740800,1,True
307,1673786407,1673807141,AAL1,a03765,KJFK,KLAX,1673740800,1,True
308,1673787664,1673807300,DAL520,a16ff1,KJFK,KLAX,1673740800,1,True
309,1673788920,1673809077,JBU2123,adb723,KJFK,KLAX,1673740800,1,True
310,1673791812,1673811656,JBU819,adbaca,KJFK,KLAX,1673740800,1,True
311,1673795406,1673814980,DAL482,ab9387,KJFK,KLAX,1673740800,1,True
312,1673796404,1673816174,JBU523,adbe91,KJFK,KLAX,1673740800,1,True
313,1673797740,1673817866,AAL3,a02c40,KJFK,KLAX,1673740800,1,True
314,1673800533,1673820475,AAL331,a03235,KJFK,KLAX,1673740800,1,True
315,1673741878,1673762153,DAL680,a11d47,KJFK,KLAX,1673740800,1,True
316,1673744029,1673764612,AAL300,a04641,KJFK,KLAX,1673740800,1,True
317,1673745017,1673765666,JBU1723,ad9ac9,KJFK,KLAX,1673740800,1,True
318,1673750490,1673770375,DAL524,a12861,KJFK,KLAX,1673740800,1,True
319,1673752714,1673773094,JBU1823,add376,KJFK,KLAX,1673740800,1,True
320,1673781351,1673802327,AAL171,a01c37,KJFK,KLAX,1673740800,1,True
321,1673786407,1673807141,AAL1,a03765,KJFK,KLAX,1673740800,1,True
322,1673787664,1673807300,DAL520,a16ff1,KJFK,KLAX,1673740800,1,True
323,1673788920,1673809077,JBU2123,adb723,KJFK,KLAX,1673740800,1,True
324,1673791812,1673811656,JBU819,adbaca,KJFK,KLAX,1673740800,1,True
325,1673795406,1673814980,DAL482,ab9387,KJFK,KLAX,1673740800,1,True
326,1673796404,1673816174,JBU523,adbe91,KJFK,KLAX,1673740800,1,True
327,1673797740,1673817866,AAL3,a02c40,KJFK,KLAX,1673740800,1,True
328,1673800533,1673820475,AAL331,a03235,KJFK,KLAX,1673740800,1,True
329,1673809209,1673829260,DAL685,a13af4,KJFK,KLAX,1673827200,1,True
330,1673815045,1673835718,AAL341,a033ae,KJFK,KLAX,1673827200,1,True
331,1673815338,1673835028,JBU623,a74923,KJFK,KLAX,1673827200,1,True
332,1673816302,1673836058,DAL650,a12861,KJFK,KLAX,1673827200,1,True
333,1673818069,1673838558,AAL306,a0428a,KJFK,KLAX,1673827200,1,True
334,1673819084,1673838955,JBU823,ad9e73,KJFK,KLAX,1673827200,1,True
335,1673821206,1673841494,AAL302,a04641,KJFK,KLAX,1673827200,1,True
336,1673823014,1673842528,DAL680,a0f46f,KJFK,KLAX,1673827200,1,True
337,1673823111,1673843485,JBU2715,adabfe,KJFK,KLAX,1673827200,1,True
338,1673825925,1673846099,JBU223,adafb5,KJFK,KLAX,1673827200,1,True
339,1673828931,1673849108,DAL524,a12fcf,KJFK,KLAX,1673827200,1,True
340,1673831450,1673852485,JBU1723,ad9ac9,KJFK,KLAX,1673827200,1,True
341,1673833500,1673855278,AAL185,a014c9,KJFK,KLAX,1673827200,1,True
342,1673834356,1673855782,AAL300,a01c37,KJFK,KLAX,1673827200,1,True
343,1673838544,1673859336,JBU1823,adc5ff,KJFK,KLAX,1673827200,1,True
344,1673868233,1673890343,AAL171,a02c40,KJFK,KLAX,1673827200,1,True
345,1673872080,1673892327,JBU723,adbe91,KJFK,KLAX,1673827200,1,True
346,1673872153,1673892778,DAL520,a1286c,KJFK,KLAX,1673827200,1,True
347,1673876333,1673897013,JBU2123,adabfe,KJFK,KLAX,1673827200,1,True
348,1673878793,1673899600,JBU819,add734,KJFK,KLAX,1673827200,1,True
349,1673881320,1673902826,JBU459,aa7c64,KJFK,KLAX,1673827200,1,True
350,1673881687,1673902102,JBU523,acf54f,KJFK,KLAX,1673827200,1,True
351,1673883600,1673904040,DAL999,a16ff1,KJFK,KLAX,1673827200,1,True
352,1673884011,1673904640,DAL482,ab9387,KJFK,KLAX,1673827200,1,True
353,1673889111,1673909625,JBU2223,ad2095,KJFK,KLAX,1673827200,1,True
354,1673889386,1673909884,DAL536,a11d3c,KJFK,KLAX,1673827200,1,True
355,1673981573,1674001527,DAL685,a14c29,KJFK,KLAX,1674000000,1,True
356,1673987509,1674007542,AAL341,a023a5,KJFK,KLAX,1674000000,1,True
357,1673988597,1674008777,JBU623,a770a2,KJFK,KLAX,1674000000,1,True
358,1673989335,1674009389,DAL650,a12c18,KJFK,KLAX,1674000000,1,True
359,1673990803,1674011307,AAL306,a01fee,KJFK,KLAX,1674000000,1,True
360,1673991245,1674011817,JBU823,ace063,KJFK,KLAX,1674000000,1,True
361,1673993994,1674013553,AAL302,a02c40,KJFK,KLAX,1674000000,1,True
362,1673995224,1674014765,DAL680,a4c703,KJFK,KLAX,1674000000,1,True
363,1673996099,1674016431,JBU2715,acf54f,KJFK,KLAX,1674000000,1,True
364,1673998956,1674019220,JBU223,ad7ab8,KJFK,KLAX,1674000000,1,True
365,1674002707,1674022726,AAL300,a033ae,KJFK,KLAX,1674000000,1,True
366,1674006341,1674026189,AAL185,a0275c,KJFK,KLAX,1674000000,1,True
367,1674006654,1674027485,JBU1723,addadb,KJFK,KLAX,1674000000,1,True
368,1674009093,1674028515,DAL524,a12fcf,KJFK,KLAX,1674000000,1,True
369,1674012218,1674032859,JBU1823,acca19,KJFK,KLAX,1674000000,1,True
370,1674040785,1674061428,AAL171,a01c37,KJFK,KLAX,1674000000,1,True
371,1674043410,1674064341,JBU723,ad2095,KJFK,KLAX,1674000000,1,True
372,1674044373,1674064721,DAL520,a4dfa6,KJFK,KLAX,1674000000,1,True
373,1674045795,1674066597,AAL1,a03235,KJFK,KLAX,1674000000,1,True
374,1674050731,1674071081,DAL482,a14c29,KJFK,KLAX,1674000000,1,True
375,1674061924,1674082421,JBU2223,ad0074,KJFK,KLAX,1674000000,1,True
376,1674062089,1674082873,DAL536,a13af4,KJFK,KLAX,1674000000,1,True
377,1674068046,1674088844,DAL685,a11d3c,KJFK,KLAX,1674086400,1,True
378,1674074002,1674095079,JBU623,a8a017,KJFK,KLAX,1674086400,1,True
379,1674074457,1674095352,AAL341,a0275c,KJFK,KLAX,1674086400,1,True
380,1674076575,1674098638,AAL306,a04641,KJFK,KLAX,1674086400,1,True
381,1674077217,1674097606,DAL650,a12fcf,KJFK,KLAX,1674086400,1,True
382,1674081003,1674101480,DAL680,a4e35f,KJFK,KLAX,1674086400,1,True
383,1674082337,1674103609,JBU2715,adabfe,KJFK,KLAX,1674086400,1,True
384,1674086467,1674107511,JBU223,adcd6d,KJFK,KLAX,1674086400,1,True
385,1674088730,1674109139,DAL524,a12c23,KJFK,KLAX,1674086400,1,True
386,1674089373,1674110077,AAL300,a01c37,KJFK,KLAX,1674086400,1,True
387,1674091113,1674112267,JBU1723,ad646e,KJFK,KLAX,1674086400,1,True
388,1674093150,1674113377,AAL185,a01112,KJFK,KLAX,1674086400,1,True
389,1674098800,1674119404,JBU1823,adbe91,KJFK,KLAX,1674086400,1,True
390,1674126632,1674146996,AAL171,a014c9,KJFK,KLAX,1674086400,1,True
391,1674129843,1674150108,JBU723,ad0074,KJFK,KLAX,1674086400,1,True
392,1674132069,1674151819,DAL520,a13af4,KJFK,KLAX,1674086400,1,True
393,1674132497,1674152808,AAL1,a03fff,KJFK,KLAX,1674086400,1,True
394,1674136060,1674156473,JBU2123,ad7701,KJFK,KLAX,1674086400,1,True
395,1674137208,1674157489,DAL482,a14c29,KJFK,KLAX,1674086400,1,True
396,1674141346,1674161451,JBU523,adafb5,KJFK,KLAX,1674086400,1,True
397,1674144106,1674164326,AAL3,a03765,KJFK,KLAX,1674086400,1,True
398,1674156278,1674176308,DAL685,a1373d,KJFK,KLAX,1674172800,1,True
399,1674161135,1674181072,AAL341,a01112,KJFK,KLAX,1674172800,1,True
400,1674162297,1674181899,DAL650,a12fcf,KJFK,KLAX,1674172800,1,True
401,1674163089,1674183326,AAL306,a03235,KJFK,KLAX,1674172800,1,True
402,1674163810,1674184097,JBU823,ad7e6f,KJFK,KLAX,1674172800,1,True
403,1674166743,1674186778,AAL302,a01fee,KJFK,KLAX,1674172800,1,True
404,1674169609,1674189708,JBU2715,acf906,KJFK,KLAX,1674172800,1,True
405,1674173862,1674193873,JBU223,add734,KJFK,KLAX,1674172800,1,True
406,1674177416,1674196789,AAL300,a014c9,KJFK,KLAX,1674172800,1,True
407,1674183473,1674203649,DAL524,a11d3c,KJFK,KLAX,1674172800,1,True
408,1674186690,1674207107,JBU1823,adbaca,KJFK,KLAX,1674172800,1,True
409,1674190488,1674210492,DAL515,a13386,KJFK,KLAX,1674172800,1,True
410,1674194164,1674214258,JBU1723,ad646e,KJFK,KLAX,1674172800,1,True
411,1674213544,1674233337,AAL171,a04641,KJFK,KLAX,1674172800,1,True
412,1674216511,1674236395,JBU723,ace063,KJFK,KLAX,1674172800,1,True
413,1674218193,1674237500,DAL520,a4bf95,KJFK,KLAX,1674172800,1,True
414,1674219200,1674239156,AAL1,a01112,KJFK,KLAX,1674172800,1,True
415,1674225090,1674245046,DAL482,a12fcf,KJFK,KLAX,1674172800,1,True
416,1674227584,1674247495,JBU523,adbe91,KJFK,KLAX,1674172800,1,True
417,1674234622,1674254505,DAL536,a14c29,KJFK,KLAX,1674172800,1,True
418,1674240873,1674260834,DAL685,a12861,KJFK,KLAX,1674259200,1,True
419,1674247413,1674267199,AAL341,a014c9,KJFK,KLAX,1674259200,1,True
420,1674249088,1674268722,DAL650,a11d3c,KJFK,KLAX,1674259200,1,True
421,1674250509,1674271128,AAL306,a03fff,KJFK,KLAX,1674259200,1,True
422,1674253177,1674273345,AAL302,a01880,KJFK,KLAX,1674259200,1,True
423,1674253845,1674273529,DAL680,a13386,KJFK,KLAX,1674259200,1,True
424,1674255223,1674275391,JBU2715,ad0074,KJFK,KLAX,1674259200,1,True
425,1674261381,1674281030,AAL300,a04641,KJFK,KLAX,1674259200,1,True
426,1674264696,1674284838,JBU1723,a1aaae,KJFK,KLAX,1674259200,1,True
427,1674265414,1674285399,AAL185,a02c40,KJFK,KLAX,1674259200,1,True
428,1674271687,1674291899,JBU1823,adb723,KJFK,KLAX,1674259200,1,True
429,1674281194,1674300343,DAL524,a4b470,KJFK,KLAX,1674259200,1,True
430,1674299669,1674319189,AAL171,a01c37,KJFK,KLAX,1674259200,1,True
431,1674303563,1674323455,DAL520,a14c29,KJFK,KLAX,1674259200,1,True
432,1674305255,1674324878,AAL1,a01fee,KJFK,KLAX,1674259200,1,True
433,1674310263,1674329309,DAL482,a11d3c,KJFK,KLAX,1674259200,1,True
434,1674310783,1674330055,JBU819,ad0074,KJFK,KLAX,1674259200,1,True
435,1674313536,1674332794,DAL515,a14104,KJFK,KLAX,1674259200,1,True
436,1674315690,1674335173,AAL3,a03fff,KJFK,KLAX,1674259200,1,True
437,1674319174,1674338642,AAL331,a0428a,KJFK,KLAX,1674259200,1,True
438,1674322089,1674340929,DAL536,a189f2,KJFK,KLAX,1674259200,1,True
439,1674332978,1674352843,AAL341,a04641,KJFK,KLAX,1674345600,1,True
440,1674333363,1674352936,JBU623,a7f6f6,KJFK,KLAX,1674345600,1,True
441,1674334709,1674354352,DAL650,a13386,KJFK,KLAX,1674345600,1,True
442,1674335913,1674355146,AAL306,a03235,KJFK,KLAX,1674345600,1,True
443,1674339160,1674359027,JBU823,addadb,KJFK,KLAX,1674345600,1,True
444,1674339236,1674358545,AAL302,a02c40,KJFK,KLAX,1674345600,1,True
445,1674341575,1674361610,JBU2715,ace063,KJFK,KLAX,1674345600,1,True
446,1674342196,1674361797,DAL680,a144bb,KJFK,KLAX,1674345600,1,True
447,1674345473,1674365483,JBU223,ada227,KJFK,KLAX,1674345600,1,True
448,1674348472,1674367888,AAL300,a01c37,KJFK,KLAX,1674345600,1,True
449,1674353474,1674373723,AAL185,a00d5b,KJFK,KLAX,1674345600,1,True
450,1674353871,1674373883,JBU1723,acca19,KJFK,KLAX,1674345600,1,True
451,1674358410,1674378919,JBU1823,ad9ac9,KJFK,KLAX,1674345600,1,True
452,1674391429,1674411557,AAL1,a01880,KJFK,KLAX,1674345600,1,True
453,1674392988,1674412864,JBU2123,adafb5,KJFK,KLAX,1674345600,1,True
454,1674397665,1674417714,JBU819,acf54f,KJFK,KLAX,1674345600,1,True
455,1674400666,1674419747,DAL482,a12fcf,KJFK,KLAX,1674345600,1,True
456,1674400860,1674420215,JBU523,adc5ff,KJFK,KLAX,1674345600,1,True
457,1674402017,1674421363,AAL3,a02c40,KJFK,KLAX,1674345600,1,True
458,1674407837,1674426854,DAL536,a12861,KJFK,KLAX,1674345600,1,True
459,1674332978,1674352843,AAL341,a04641,KJFK,KLAX,1674345600,1,True
460,1674333363,1674352936,JBU623,a7f6f6,KJFK,KLAX,1674345600,1,True
461,1674334709,1674354352,DAL650,a13386,KJFK,KLAX,1674345600,1,True
462,1674335913,1674355146,AAL306,a03235,KJFK,KLAX,1674345600,1,True
463,1674339160,1674359027,JBU823,addadb,KJFK,KLAX,1674345600,1,True
464,1674339236,1674358545,AAL302,a02c40,KJFK,KLAX,1674345600,1,True
465,1674341575,1674361610,JBU2715,ace063,KJFK,KLAX,1674345600,1,True
466,1674342196,1674361797,DAL680,a144bb,KJFK,KLAX,1674345600,1,True
467,1674345473,1674365483,JBU223,ada227,KJFK,KLAX,1674345600,1,True
468,1674348472,1674367888,AAL300,a01c37,KJFK,KLAX,1674345600,1,True
469,1674353474,1674373723,AAL185,a00d5b,KJFK,KLAX,1674345600,1,True
470,1674353871,1674373883,JBU1723,acca19,KJFK,KLAX,1674345600,1,True
471,1674358410,1674378919,JBU1823,ad9ac9,KJFK,KLAX,1674345600,1,True
472,1674391429,1674411557,AAL1,a01880,KJFK,KLAX,1674345600,1,True
473,1674392988,1674412864,JBU2123,adafb5,KJFK,KLAX,1674345600,1,True
474,1674397665,1674417714,JBU819,acf54f,KJFK,KLAX,1674345600,1,True
475,1674400666,1674419747,DAL482,a12fcf,KJFK,KLAX,1674345600,1,True
476,1674400860,1674420215,JBU523,adc5ff,KJFK,KLAX,1674345600,1,True
477,1674402017,1674421363,AAL3,a02c40,KJFK,KLAX,1674345600,1,True
478,1674407837,1674426854,DAL536,a12861,KJFK,KLAX,1674345600,1,True
479,1674414825,1674433858,DAL685,a11d3c,KJFK,KLAX,1674432000,1,True
480,1674422078,1674441824,AAL306,a01fee,KJFK,KLAX,1674432000,1,True
481,1674422699,1674441895,DAL650,a14c29,KJFK,KLAX,1674432000,1,True
482,1674423455,1674442936,JBU623,a9c5c5,KJFK,KLAX,1674432000,1,True
483,1674424366,1674443906,JBU823,ad7e6f,KJFK,KLAX,1674432000,1,True
484,1674425148,1674444567,AAL302,a00d5b,KJFK,KLAX,1674432000,1,True
485,1674428203,1674447411,DAL680,a13af4,KJFK,KLAX,1674432000,1,True
486,1674431144,1674450350,JBU223,adbe91,KJFK,KLAX,1674432000,1,True
487,1674434506,1674454243,DAL524,a11d47,KJFK,KLAX,1674432000,1,True
488,1674434927,1674454373,AAL300,a03fff,KJFK,KLAX,1674432000,1,True
489,1674437973,1674457034,JBU1723,ad9e73,KJFK,KLAX,1674432000,1,True
490,1674440415,1674459579,AAL185,a01112,KJFK,KLAX,1674432000,1,True
491,1674443773,1674463282,JBU1823,adc238,KJFK,KLAX,1674432000,1,True
492,1674444625,1674464156,DAL515,a16c3a,KJFK,KLAX,1674432000,1,True
493,1674472801,1674491454,AAL171,a02c40,KJFK,KLAX,1674432000,1,True
494,1674478552,1674497298,AAL1,a014c9,KJFK,KLAX,1674432000,1,True
495,1674483157,1674501508,DAL482,a13af4,KJFK,KLAX,1674432000,1,True
496,1674483606,1674502518,JBU819,ad2095,KJFK,KLAX,1674432000,1,True
497,1674488244,1674506941,DAL999,a144bb,KJFK,KLAX,1674432000,1,True
498,1674491820,1674511813,AAL331,a01c37,KJFK,KLAX,1674432000,1,True
499,1674493842,1674512988,JBU2223,ace063,KJFK,KLAX,1674432000,1,True
500,1674494033,1674513825,DAL536,a13386,KJFK,KLAX,1674432000,1,True
501,1674500425,1674519597,DAL685,a1373d,KJFK,KLAX,1674518400,1,True
502,1674506274,1674525616,JBU623,a73a47,KJFK,KLAX,1674518400,1,True
503,1674506706,1674526777,AAL341,a03fff,KJFK,KLAX,1674518400,1,True
504,1674507964,1674527216,DAL650,a14c29,KJFK,KLAX,1674518400,1,True
505,1674509016,1674528509,AAL306,a01880,KJFK,KLAX,1674518400,1,True
506,1674509736,1674528703,JBU823,ad7701,KJFK,KLAX,1674518400,1,True
507,1674511912,1674531077,AAL302,a01112,KJFK,KLAX,1674518400,1,True
508,1674514414,1674533424,DAL680,a16c3a,KJFK,KLAX,1674518400,1,True
509,1674517211,1674536438,JBU2715,adafb5,KJFK,KLAX,1674518400,1,True
510,1674518278,1674537834,JBU223,ad1cde,KJFK,KLAX,1674518400,1,True
511,1674521163,1674540259,DAL524,a15ebc,KJFK,KLAX,1674518400,1,True
512,1674521323,1674540683,AAL300,a02c40,KJFK,KLAX,1674518400,1,True
513,1674526531,1674545495,AAL185,a0275c,KJFK,KLAX,1674518400,1,True
514,1674529520,1674549474,JBU1723,ad9ac9,KJFK,KLAX,1674518400,1,True
515,1674529834,1674550048,JBU1823,adbaca,KJFK,KLAX,1674518400,1,True
516,1674533238,1674553127,DAL515,a12861,KJFK,KLAX,1674518400,1,True
517,1674558777,1674578836,AAL171,a03fff,KJFK,KLAX,1674518400,1,True
518,1674561973,1674581999,JBU723,adde95,KJFK,KLAX,1674518400,1,True
519,1674562969,1674582264,DAL520,a4caba,KJFK,KLAX,1674518400,1,True
520,1674565030,1674585568,AAL1,a0428a,KJFK,KLAX,1674518400,1,True
521,1674566205,1674586079,JBU2123,ad646e,KJFK,KLAX,1674518400,1,True
522,1674568785,1674588893,JBU819,ad2445,KJFK,KLAX,1674518400,1,True
523,1674568885,1674588644,DAL482,a11d3c,KJFK,KLAX,1674518400,1,True
524,1674572734,1674592811,JBU523,adafb5,KJFK,KLAX,1674518400,1,True
525,1674574770,1674594526,DAL999,a16ff1,KJFK,KLAX,1674518400,1,True
526,1674575017,1674595036,AAL3,a01112,KJFK,KLAX,1674518400,1,True
527,1674579755,1674600023,JBU2223,adc238,KJFK,KLAX,1674518400,1,True
528,1674581695,1674602083,DAL536,a14104,KJFK,KLAX,1674518400,1,True
529,1674587165,1674607574,DAL685,a16c3a,KJFK,KLAX,1674604800,1,True
530,1674592805,1674613589,AAL341,a0275c,KJFK,KLAX,1674604800,1,True
531,1674593151,1674613704,JBU623,a7bfa0,KJFK,KLAX,1674604800,1,True
532,1674593729,1674614142,DAL650,a12861,KJFK,KLAX,1674604800,1,True
533,1674596164,1674617116,AAL306,a03235,KJFK,KLAX,1674604800,1,True
534,1674596828,1674617440,JBU823,adbaca,KJFK,KLAX,1674604800,1,True
535,1674599242,1674620198,AAL302,a04641,KJFK,KLAX,1674604800,1,True
536,1674599673,1674619460,DAL680,a4eacb,KJFK,KLAX,1674604800,1,True
537,1674600649,1674621479,JBU2715,ad9e73,KJFK,KLAX,1674604800,1,True
538,1674604558,1674626394,JBU223,ad60b7,KJFK,KLAX,1674604800,1,True
539,1674606620,1674626637,DAL524,a1373d,KJFK,KLAX,1674604800,1,True
540,1674607443,1674630069,AAL300,a03fff,KJFK,KLAX,1674604800,1,True
541,1674609266,1674629548,JBU1723,add376,KJFK,KLAX,1674604800,1,True
542,1674611973,1674635120,AAL185,a03765,KJFK,KLAX,1674604800,1,True
543,1674617327,1674638002,JBU1823,ad27f3,KJFK,KLAX,1674604800,1,True
544,1674644920,1674665404,AAL171,a01fee,KJFK,KLAX,1674604800,1,True
545,1674649640,1674668753,DAL520,a4b827,KJFK,KLAX,1674604800,1,True
546,1674650555,1674670690,AAL1,a033ae,KJFK,KLAX,1674604800,1,True
547,1674651880,1674671679,JBU2123,ad2095,KJFK,KLAX,1674604800,1,True
548,1674653430,1674672629,JBU723,ad2445,KJFK,KLAX,1674604800,1,True
549,1674655741,1674675186,DAL482,a12861,KJFK,KLAX,1674604800,1,True
550,1674656355,1674676036,JBU819,ace063,KJFK,KLAX,1674604800,1,True
551,1674659644,1674679060,JBU523,ad9e73,KJFK,KLAX,1674604800,1,True
552,1674660460,1674679780,DAL999,a12fcf,KJFK,KLAX,1674604800,1,True
553,1674661278,1674680579,AAL3,a02c40,KJFK,KLAX,1674604800,1,True
554,1674675624,1674694906,DAL685,a14c29,KJFK,KLAX,1674691200,1,True
555,1674678595,1674697702,AAL341,a03fff,KJFK,KLAX,1674691200,1,True
556,1674679313,1674698787,JBU623,a85887,KJFK,KLAX,1674691200,1,True
557,1674681184,1674700739,AAL306,a0428a,KJFK,KLAX,1674691200,1,True
558,1674683254,1674702688,JBU823,acf906,KJFK,KLAX,1674691200,1,True
559,1674684735,1674703744,AAL302,a03765,KJFK,KLAX,1674691200,1,True
560,1674685870,1674704639,DAL650,a1373d,KJFK,KLAX,1674691200,1,True
561,1674686904,1674706225,JBU2715,ad646e,KJFK,KLAX,1674691200,1,True
562,1674687217,1674705747,DAL680,a4d838,KJFK,KLAX,1674691200,1,True
563,1674690729,1674709937,JBU223,add376,KJFK,KLAX,1674691200,1,True
564,1674694633,1674714102,AAL300,a01fee,KJFK,KLAX,1674691200,1,True
565,1674695926,1674715188,JBU1723,adc9b6,KJFK,KLAX,1674691200,1,True
566,1674697033,1674716217,DAL524,a13748,KJFK,KLAX,1674691200,1,True
567,1674699991,1674720023,AAL185,a01880,KJFK,KLAX,1674691200,1,True
568,1674708716,1674728368,JBU1823,add734,KJFK,KLAX,1674691200,1,True
569,1674731682,1674751523,AAL171,a02c40,KJFK,KLAX,1674691200,1,True
570,1674734700,1674753059,JBU723,ad2445,KJFK,KLAX,1674691200,1,True
571,1674735546,1674753736,DAL520,a11d3c,KJFK,KLAX,1674691200,1,True
572,1674737490,1674756839,AAL1,a03235,KJFK,KLAX,1674691200,1,True
573,1674738300,1674757125,JBU2123,ace063,KJFK,KLAX,1674691200,1,True
574,1674741770,1674760949,DAL482,a12fcf,KJFK,KLAX,1674691200,1,True
575,1674742021,1674760765,JBU819,adc238,KJFK,KLAX,1674691200,1,True
576,1674745833,1674763914,JBU523,acca19,KJFK,KLAX,1674691200,1,True
577,1674747903,1674766181,AAL3,a01fee,KJFK,KLAX,1674691200,1,True
578,1674753738,1674772454,DAL536,a13386,KJFK,KLAX,1674691200,1,True
579,1674765809,1674784603,JBU623,a854d0,KJFK,KLAX,1674777600,1,True
580,1674767712,1674786506,AAL306,a033ae,KJFK,KLAX,1674777600,1,True
581,1674768697,1674787827,DAL650,a1373d,KJFK,KLAX,1674777600,1,True
582,1674769079,1674788444,JBU823,ad9ac9,KJFK,KLAX,1674777600,1,True
583,1674771857,1674790619,AAL302,a014c9,KJFK,KLAX,1674777600,1,True
584,1674773357,1674792669,JBU2715,addadb,KJFK,KLAX,1674777600,1,True
585,1674773527,1674792319,DAL680,a4caba,KJFK,KLAX,1674777600,1,True
586,1674775961,1674795799,AAL341,a01c37,KJFK,KLAX,1674777600,1,True
587,1674776917,1674796175,JBU223,adbaca,KJFK,KLAX,1674777600,1,True
588,1674780224,1674799919,DAL524,a14c29,KJFK,KLAX,1674777600,1,True
589,1674780754,1674799738,AAL300,a03fff,KJFK,KLAX,1674777600,1,True
590,1674785281,1674805705,AAL185,a0275c,KJFK,KLAX,1674777600,1,True
591,1674786846,1674805941,JBU1723,adbe91,KJFK,KLAX,1674777600,1,True
592,1674789052,1674808581,JBU1823,ad7701,KJFK,KLAX,1674777600,1,True
593,1674790012,1674808554,DAL515,a11d3c,KJFK,KLAX,1674777600,1,True
594,1674818254,1674838102,AAL171,a01fee,KJFK,KLAX,1674777600,1,True
595,1674822274,1674841738,JBU723,acca19,KJFK,KLAX,1674777600,1,True
596,1674822642,1674842276,DAL520,a4ee82,KJFK,KLAX,1674777600,1,True
597,1674823874,1674844133,AAL1,a033ae,KJFK,KLAX,1674777600,1,True
598,1674825259,1674845237,JBU2123,ad7ab8,KJFK,KLAX,1674777600,1,True
599,1674828755,1674848965,JBU819,ad7e6f,KJFK,KLAX,1674777600,1,True
600,1674830471,1674850469,DAL482,a1373d,KJFK,KLAX,1674777600,1,True
601,1674832041,1674852029,JBU523,addadb,KJFK,KLAX,1674777600,1,True
602,1674834075,1674853622,DAL999,a16c3a,KJFK,KLAX,1674777600,1,True
603,1674834341,1674854992,AAL3,a01880,KJFK,KLAX,1674777600,1,True
604,1674837613,1674858369,AAL331,a014c9,KJFK,KLAX,1674777600,1,True
605,1674839564,1674859563,DAL536,a12fcf,KJFK,KLAX,1674777600,1,True
606,1674847109,1674867718,DAL685,a13386,KJFK,KLAX,1674864000,1,True
607,1674851871,1674872978,JBU623,a8c796,KJFK,KLAX,1674864000,1,True
608,1674852289,1674873792,AAL341,a03fff,KJFK,KLAX,1674864000,1,True
609,1674853151,1674874323,DAL650,a11d3c,KJFK,KLAX,1674864000,1,True
610,1674854366,1674875863,AAL306,a03235,KJFK,KLAX,1674864000,1,True
611,1674857016,1674878137,JBU823,adbe91,KJFK,KLAX,1674864000,1,True
612,1674857630,1674879128,AAL302,a0275c,KJFK,KLAX,1674864000,1,True
613,1674859235,1674880077,DAL680,a14c29,KJFK,KLAX,1674864000,1,True
614,1674859875,1674881080,JBU2715,ad60b7,KJFK,KLAX,1674864000,1,True
615,1674863053,1674884005,JBU223,acf906,KJFK,KLAX,1674864000,1,True
616,1674866987,1674888775,AAL300,a01fee,KJFK,KLAX,1674864000,1,True
617,1674868893,1674890213,JBU1723,ad646e,KJFK,KLAX,1674864000,1,True
618,1674870906,1674892185,AAL185,a03765,KJFK,KLAX,1674864000,1,True
619,1674875305,1674897479,DAL515,a18284,KJFK,KLAX,1674864000,1,True
620,1674880747,1674901735,DAL524,a14872,KJFK,KLAX,1674864000,1,True
621,1674887293,1674908996,JBU1823,adcd6d,KJFK,KLAX,1674864000,1,True
622,1674904662,1674926669,AAL171,a01880,KJFK,KLAX,1674864000,1,True
623,1674909883,1674931763,AAL1,a01112,KJFK,KLAX,1674864000,1,True
624,1674915640,1674937258,DAL482,a14c29,KJFK,KLAX,1674864000,1,True
625,1674924112,1674945129,AAL3,a0275c,KJFK,KLAX,1674864000,1,True
626,1674926221,1674947863,DAL536,a491fb,KJFK,KLAX,1674864000,1,True
627,1674938155,1674959922,AAL341,a01fee,KJFK,KLAX,1674950400,1,True
628,1674938237,1674960097,JBU623,a98f6a,KJFK,KLAX,1674950400,1,True
629,1674940343,1674962436,DAL650,a11d3c,KJFK,KLAX,1674950400,1,True
630,1674942034,1674964912,JBU823,adafb5,KJFK,KLAX,1674950400,1,True
631,1674945113,1674967001,JBU2715,add376,KJFK,KLAX,1674950400,1,True
632,1674946467,1674967912,DAL680,a14872,KJFK,KLAX,1674950400,1,True
633,1674949465,1674971900,JBU223,adc5ff,KJFK,KLAX,1674950400,1,True
634,1674952388,1674973972,DAL524,a12c18,KJFK,KLAX,1674950400,1,True
635,1674953243,1674975476,AAL300,a01880,KJFK,KLAX,1674950400,1,True
636,1674957137,1674979086,AAL185,a01c37,KJFK,KLAX,1674950400,1,True
637,1674961657,1674984141,JBU1823,ada227,KJFK,KLAX,1674950400,1,True
638,1674991056,1675014157,AAL171,a0275c,KJFK,KLAX,1674950400,1,True
639,1674995223,1675016898,DAL520,a189f2,KJFK,KLAX,1674950400,1,True
640,1674996667,1675019785,AAL1,a03235,KJFK,KLAX,1674950400,1,True
641,1674999915,1675022637,JBU2123,ada5ee,KJFK,KLAX,1674950400,1,True
642,1675001811,1675022878,JBU819,ad7ab8,KJFK,KLAX,1674950400,1,True
643,1675002069,1675023984,DAL482,a1373d,KJFK,KLAX,1674950400,1,True
644,1675005665,1675027162,JBU523,ad60b7,KJFK,KLAX,1674950400,1,True
645,1675010474,1675032598,AAL331,a02c40,KJFK,KLAX,1674950400,1,True
646,1675012414,1675034194,DAL536,a13386,KJFK,KLAX,1674950400,1,True
647,1674938155,1674959922,AAL341,a01fee,KJFK,KLAX,1674950400,1,True
648,1674938237,1674960097,JBU623,a98f6a,KJFK,KLAX,1674950400,1,True
649,1674940343,1674962436,DAL650,a11d3c,KJFK,KLAX,1674950400,1,True
650,1674942034,1674964912,JBU823,adafb5,KJFK,KLAX,1674950400,1,True
651,1674945113,1674967001,JBU2715,add376,KJFK,KLAX,1674950400,1,True
652,1674946467,1674967912,DAL680,a14872,KJFK,KLAX,1674950400,1,True
653,1674949465,1674971900,JBU223,adc5ff,KJFK,KLAX,1674950400,1,True
654,1674952388,1674973972,DAL524,a12c18,KJFK,KLAX,1674950400,1,True
655,1674953243,1674975476,AAL300,a01880,KJFK,KLAX,1674950400,1,True
656,1674957137,1674979086,AAL185,a01c37,KJFK,KLAX,1674950400,1,True
657,1674961657,1674984141,JBU1823,ada227,KJFK,KLAX,1674950400,1,True
658,1674991056,1675014157,AAL171,a0275c,KJFK,KLAX,1674950400,1,True
659,1674995223,1675016898,DAL520,a189f2,KJFK,KLAX,1674950400,1,True
660,1674996667,1675019785,AAL1,a03235,KJFK,KLAX,1674950400,1,True
661,1674999915,1675022637,JBU2123,ada5ee,KJFK,KLAX,1674950400,1,True
662,1675001811,1675022878,JBU819,ad7ab8,KJFK,KLAX,1674950400,1,True
663,1675002069,1675023984,DAL482,a1373d,KJFK,KLAX,1674950400,1,True
664,1675005665,1675027162,JBU523,ad60b7,KJFK,KLAX,1674950400,1,True
665,1675010474,1675032598,AAL331,a02c40,KJFK,KLAX,1674950400,1,True
666,1675012414,1675034194,DAL536,a13386,KJFK,KLAX,1674950400,1,True
667,1675019214,1675041583,DAL685,a12861,KJFK,KLAX,1675036800,1,True
668,1675024538,1675047083,AAL341,a01c37,KJFK,KLAX,1675036800,1,True
669,1675026201,1675048282,DAL650,a12fcf,KJFK,KLAX,1675036800,1,True
670,1675028134,1675050553,AAL306,a01112,KJFK,KLAX,1675036800,1,True
671,1675028934,1675051277,JBU823,ad7e6f,KJFK,KLAX,1675036800,1,True
672,1675030959,1675053657,AAL302,a0428a,KJFK,KLAX,1675036800,1,True
673,1675033523,1675055215,JBU2715,addadb,KJFK,KLAX,1675036800,1,True
674,1675035749,1675057069,JBU223,adabfe,KJFK,KLAX,1675036800,1,True
675,1675038830,1675059839,DAL524,a11380,KJFK,KLAX,1675036800,1,True
676,1675039334,1675061442,AAL300,a0275c,KJFK,KLAX,1675036800,1,True
677,1675041298,1675063349,JBU1723,adb723,KJFK,KLAX,1675036800,1,True
678,1675043451,1675066581,AAL185,a009a4,KJFK,KLAX,1675036800,1,True
679,1675047981,1675070839,DAL515,a11d47,KJFK,KLAX,1675036800,1,True
680,1675049014,1675071291,JBU1823,acca19,KJFK,KLAX,1675036800,1,True
681,1675077490,1675101146,AAL171,a03765,KJFK,KLAX,1675036800,1,True
682,1675080662,1675102930,JBU723,ad9ac9,KJFK,KLAX,1675036800,1,True
683,1675081713,1675103742,DAL520,a0f46f,KJFK,KLAX,1675036800,1,True
684,1675082671,1675105526,AAL1,a03fff,KJFK,KLAX,1675036800,1,True
685,1675083843,1675106812,JBU2123,add734,KJFK,KLAX,1675036800,1,True
686,1675087223,1675109206,DAL482,a12c18,KJFK,KLAX,1675036800,1,True
687,1675087517,1675110056,JBU819,ad60b7,KJFK,KLAX,1675036800,1,True
688,1675091773,1675113497,JBU523,add376,KJFK,KLAX,1675036800,1,True
689,1675092897,1675115059,DAL999,a1863b,KJFK,KLAX,1675036800,1,True
690,1675093563,1675115570,AAL3,a04641,KJFK,KLAX,1675036800,1,True
691,1675126714,1675148579,AAL300,a03765,KJFK,KLAX,1675123200,1,True
692,1675127119,1675148998,DAL524,a14104,KJFK,KLAX,1675123200,1,True
693,1675129370,1675150815,AAL185,a033ae,KJFK,KLAX,1675123200,1,True
694,1675132565,1675155899,JBU223,ad1560,KJFK,KLAX,1675123200,1,True
695,1675132811,1675154896,DAL515,a11d47,KJFK,KLAX,1675123200,1,True
696,1675134791,1675157587,JBU1823,ad7701,KJFK,KLAX,1675123200,1,True
697,1675139202,1675162607,JBU1723,ada5ee,KJFK,KLAX,1675123200,1,True
698,1675163875,1675186616,AAL171,a0428a,KJFK,KLAX,1675123200,1,True
699,1675167094,1675189483,JBU723,ace063,KJFK,KLAX,1675123200,1,True
700,1675168936,1675191108,AAL1,a04641,KJFK,KLAX,1675123200,1,True
701,1675170436,1675192247,DAL520,a4bf95,KJFK,KLAX,1675123200,1,True
702,1675174989,1675197021,DAL482,a12861,KJFK,KLAX,1675123200,1,True
703,1675177696,1675200082,JBU523,addadb,KJFK,KLAX,1675123200,1,True
704,1675180304,1675202396,DAL999,a189f2,KJFK,KLAX,1675123200,1,True
705,1675185174,1675207066,DAL536,a12c18,KJFK,KLAX,1675123200,1,True
706,1675197100,1675219244,DAL685,a1373d,KJFK,KLAX,1675209600,1,True
707,1675197255,1675217789,AAL341,a03765,KJFK,KLAX,1675209600,1,True
708,1675197624,1675219137,JBU623,aa4d77,KJFK,KLAX,1675209600,1,True
709,1675200314,1675222049,DAL650,a13af4,KJFK,KLAX,1675209600,1,True
710,1675200633,1675222678,AAL306,a03fff,KJFK,KLAX,1675209600,1,True
711,1675201429,1675223939,JBU823,adcd6d,KJFK,KLAX,1675209600,1,True
712,1675203495,1675225580,AAL302,a033ae,KJFK,KLAX,1675209600,1,True
713,1675205134,1675227556,JBU2715,adc9b6,KJFK,KLAX,1675209600,1,True
714,1675205260,1675226849,DAL680,a4e35f,KJFK,KLAX,1675209600,1,True
715,1675208535,1675230862,JBU223,adafb5,KJFK,KLAX,1675209600,1,True
716,1675211918,1675234435,DAL524,a11d3c,KJFK,KLAX,1675209600,1,True
717,1675213120,1675235866,AAL300,a0428a,KJFK,KLAX,1675209600,1,True
718,1675214186,1675236372,JBU1723,acf54f,KJFK,KLAX,1675209600,1,True
719,1675222634,1675244879,JBU1823,ad0074,KJFK,KLAX,1675209600,1,True
720,1675253479,1675274879,AAL171,a01112,KJFK,KLAX,1675209600,1,True
721,1675255729,1675276946,DAL520,a4bf95,KJFK,KLAX,1675209600,1,True
722,1675255849,1675277699,JBU723,adb723,KJFK,KLAX,1675209600,1,True
723,1675256593,1675277807,AAL1,a01880,KJFK,KLAX,1675209600,1,True
724,1675260030,1675281590,JBU2123,ad6bdc,KJFK,KLAX,1675209600,1,True
725,1675264680,1675286136,JBU523,adc9b6,KJFK,KLAX,1675209600,1,True
726,1675266900,1675287626,DAL482,a1373d,KJFK,KLAX,1675209600,1,True
727,1675268371,1675289313,DAL999,a14c29,KJFK,KLAX,1675209600,1,True
728,1675269670,1675290441,AAL331,a03fff,KJFK,KLAX,1675209600,1,True
729,1675271769,1675292802,JBU2223,ada5ee,KJFK,KLAX,1675209600,1,True
730,1675272576,1675293712,DAL536,a13386,KJFK,KLAX,1675209600,1,True
